-- phpMyAdmin SQL Dump
-- version 5.2.0
-- https://www.phpmyadmin.net/
--
-- Host: 127.0.0.1
-- Generation Time: Jun 19, 2024 at 10:32 PM
-- Server version: 10.4.27-MariaDB
-- PHP Version: 8.0.25

SET SQL_MODE = "NO_AUTO_VALUE_ON_ZERO";
START TRANSACTION;
SET time_zone = "+00:00";


/*!40101 SET @OLD_CHARACTER_SET_CLIENT=@@CHARACTER_SET_CLIENT */;
/*!40101 SET @OLD_CHARACTER_SET_RESULTS=@@CHARACTER_SET_RESULTS */;
/*!40101 SET @OLD_COLLATION_CONNECTION=@@COLLATION_CONNECTION */;
/*!40101 SET NAMES utf8mb4 */;

--
-- Database: `pms`
--

-- --------------------------------------------------------

--
-- Table structure for table `admin`
--

CREATE TABLE `admin` (
  `user_ID` int(11) NOT NULL,
  `name` varchar(100) NOT NULL,
  `username` varchar(25) NOT NULL,
  `password` varchar(50) NOT NULL
) ENGINE=InnoDB DEFAULT CHARSET=utf8mb4 COLLATE=utf8mb4_general_ci;

--
-- Dumping data for table `admin`
--

INSERT INTO `admin` (`user_ID`, `name`, `username`, `password`) VALUES
(1, 'MUHAMMAD IQBAL ADAM', 'iqbal', 'admin'),
(2, 'AB HAFIZ AB MAJID', 'abdhafiz', '123456'),
(3, 'AB MAJID ISMAIL', 'ardrmajid', '123');

-- --------------------------------------------------------

--
-- Table structure for table `attendance`
--

CREATE TABLE `attendance` (
  `attendance_id` int(11) NOT NULL,
  `class_id` int(11) NOT NULL,
  `student_id` int(11) NOT NULL
) ENGINE=InnoDB DEFAULT CHARSET=utf8mb4 COLLATE=utf8mb4_general_ci;

--
-- Dumping data for table `attendance`
--

INSERT INTO `attendance` (`attendance_id`, `class_id`, `student_id`) VALUES
(1, 1, 31),
(3, 2, 2),
(4, 1, 38),
(5, 1, 44),
(6, 1, 12),
(7, 1, 33),
(8, 1, 40),
(9, 3, 38),
(10, 3, 31),
(11, 3, 25),
(12, 4, 40),
(13, 4, 41),
(20, 9, 31),
(21, 1, 45),
(22, 2, 45),
(23, 4, 45),
(24, 24, 50),
(25, 1, 50),
(26, 1, 45),
(27, 1, 44),
(28, 1, 43),
(29, 1, 41),
(31, 1, 40),
(32, 1, 38),
(33, 1, 33),
(34, 1, 33),
(35, 1, 31),
(36, 1, 14),
(37, 1, 32),
(38, 3, 50),
(39, 3, 45),
(40, 3, 3),
(41, 3, 4),
(42, 3, 41),
(43, 3, 14),
(44, 3, 44),
(45, 3, 31),
(46, 3, 2),
(47, 3, 12),
(48, 3, 32),
(49, 3, 43),
(60, 31, 2),
(61, 31, 3),
(62, 31, 4),
(63, 31, 7),
(64, 31, 8),
(65, 31, 10),
(66, 31, 12),
(67, 14, 2),
(68, 14, 3),
(69, 14, 4),
(70, 14, 7),
(71, 14, 10),
(73, 14, 8),
(74, 14, 12),
(76, 14, 31),
(77, 14, 32),
(78, 14, 33),
(79, 14, 38),
(80, 14, 40),
(81, 14, 41),
(82, 14, 42),
(83, 14, 43),
(84, 14, 50),
(85, 14, 45),
(86, 14, 44),
(87, 14, 53),
(88, 14, 25),
(89, 14, 14),
(90, 15, 2),
(91, 15, 3),
(92, 15, 4),
(93, 15, 8),
(94, 15, 10),
(95, 15, 25),
(96, 15, 32),
(97, 15, 42),
(98, 15, 41),
(99, 15, 44),
(100, 15, 50),
(101, 15, 53),
(102, 16, 44),
(103, 16, 42),
(104, 16, 40),
(105, 16, 33),
(106, 16, 32),
(107, 16, 4),
(108, 16, 3),
(109, 16, 2),
(110, 16, 31),
(111, 16, 14),
(112, 16, 12),
(113, 16, 10),
(114, 16, 53),
(116, 17, 2),
(117, 17, 3),
(118, 17, 4),
(119, 17, 7),
(120, 17, 8),
(121, 17, 10),
(122, 17, 14),
(123, 17, 12),
(124, 17, 31),
(125, 17, 25),
(126, 17, 32),
(127, 17, 33),
(128, 17, 38),
(129, 17, 53),
(130, 17, 50),
(132, 17, 40),
(133, 17, 43),
(134, 10, 3),
(135, 10, 4),
(136, 10, 7),
(137, 10, 8),
(138, 10, 10),
(139, 10, 12),
(140, 10, 25),
(141, 10, 31),
(142, 10, 41),
(143, 10, 38),
(144, 10, 42),
(145, 10, 44),
(146, 10, 53),
(147, 10, 50),
(148, 10, 45),
(149, 9, 4),
(150, 9, 2),
(151, 9, 12),
(152, 9, 14),
(153, 9, 25),
(154, 9, 8),
(155, 9, 33),
(156, 9, 32),
(157, 9, 41),
(158, 9, 45),
(159, 9, 53),
(160, 9, 50),
(161, 9, 43),
(162, 9, 42),
(163, 9, 44),
(164, 9, 40),
(165, 9, 38),
(166, 9, 10),
(167, 9, 7),
(168, 9, 3),
(169, 3, 40),
(170, 3, 53),
(171, 3, 8),
(172, 11, 8),
(173, 11, 10),
(174, 11, 14),
(175, 11, 32),
(176, 11, 33),
(177, 11, 31),
(178, 11, 7),
(180, 11, 2),
(181, 11, 41),
(182, 11, 44),
(183, 11, 50),
(184, 11, 53),
(185, 2, 4),
(186, 2, 8),
(187, 2, 31),
(188, 2, 25),
(189, 2, 12),
(190, 2, 10),
(191, 2, 33),
(192, 2, 53),
(193, 2, 50),
(194, 2, 44),
(195, 2, 43),
(196, 2, 42),
(197, 2, 41),
(198, 2, 40),
(199, 2, 38),
(200, 22, 45),
(201, 22, 43),
(202, 22, 41),
(203, 22, 38),
(204, 22, 32),
(205, 22, 4),
(206, 22, 8),
(207, 22, 12),
(208, 22, 25),
(209, 22, 31),
(210, 22, 2),
(211, 22, 3),
(212, 22, 53),
(214, 22, 42),
(215, 22, 50),
(216, 4, 10),
(217, 4, 7),
(218, 4, 38),
(219, 4, 33),
(223, 4, 32),
(224, 4, 31),
(225, 18, 2),
(226, 18, 3),
(227, 18, 4),
(228, 18, 7),
(229, 18, 8),
(230, 18, 10),
(231, 18, 12),
(232, 18, 25),
(233, 18, 14),
(234, 18, 32),
(235, 18, 31),
(236, 18, 44),
(237, 18, 45),
(238, 18, 53),
(239, 18, 54),
(240, 18, 42),
(241, 18, 40),
(242, 18, 38),
(243, 19, 4),
(244, 19, 31),
(245, 19, 32),
(246, 19, 33),
(247, 19, 10),
(248, 19, 12),
(249, 19, 41),
(250, 19, 40),
(251, 19, 43),
(252, 19, 45),
(253, 19, 50),
(254, 19, 53),
(255, 19, 54),
(256, 19, 44),
(257, 19, 42),
(258, 19, 38),
(259, 19, 2),
(260, 20, 2),
(261, 20, 4),
(262, 20, 10),
(263, 20, 31),
(264, 20, 25),
(265, 20, 12),
(266, 20, 8),
(268, 20, 42),
(269, 20, 44),
(270, 20, 50),
(271, 20, 53),
(272, 20, 45),
(273, 20, 43),
(274, 20, 38),
(275, 20, 33),
(276, 20, 32),
(277, 20, 3),
(278, 20, 7),
(279, 20, 14),
(280, 20, 40),
(281, 20, 41),
(282, 20, 54),
(283, 21, 7),
(284, 21, 14),
(285, 21, 33),
(286, 21, 12),
(287, 21, 8),
(288, 21, 3),
(289, 21, 32),
(290, 21, 25),
(291, 21, 2),
(292, 21, 44),
(293, 21, 50),
(294, 21, 53),
(295, 21, 54),
(296, 21, 45),
(297, 21, 43),
(298, 21, 41),
(299, 21, 38),
(300, 23, 4),
(301, 23, 2),
(302, 23, 8),
(303, 23, 10),
(304, 23, 14),
(305, 23, 31),
(306, 23, 32),
(307, 23, 33),
(308, 23, 42),
(310, 23, 38),
(311, 23, 41),
(312, 23, 40),
(313, 23, 43),
(314, 23, 44),
(317, 23, 54),
(318, 23, 53),
(319, 23, 50),
(320, 23, 45),
(321, 23, 12),
(322, 23, 7),
(323, 24, 4),
(324, 24, 2),
(325, 24, 31),
(326, 24, 32),
(328, 24, 8),
(329, 24, 7),
(330, 24, 12),
(331, 24, 10),
(332, 24, 25),
(333, 24, 14),
(334, 24, 3),
(335, 24, 33),
(336, 24, 38),
(337, 24, 41),
(339, 24, 40),
(341, 24, 53),
(342, 24, 44),
(343, 24, 45),
(344, 24, 43),
(345, 24, 42),
(346, 24, 54),
(347, 26, 7),
(348, 26, 3),
(349, 26, 2),
(350, 26, 12),
(351, 26, 25),
(352, 26, 53),
(354, 26, 45),
(357, 26, 40),
(358, 26, 14),
(359, 26, 32),
(360, 26, 31),
(361, 26, 33),
(363, 26, 55),
(364, 26, 57),
(366, 26, 56),
(367, 26, 54),
(368, 26, 50),
(369, 26, 42),
(370, 26, 43),
(371, 26, 44),
(372, 26, 41),
(373, 26, 38),
(374, 26, 10),
(375, 26, 8),
(376, 26, 4),
(377, 33, 2),
(378, 33, 4),
(379, 33, 10),
(380, 33, 32),
(381, 33, 33),
(382, 33, 31),
(383, 33, 14),
(384, 33, 12),
(385, 33, 8),
(386, 33, 7),
(388, 33, 43),
(389, 33, 41),
(390, 33, 40),
(391, 33, 38),
(393, 33, 50),
(394, 33, 45),
(395, 33, 44),
(396, 33, 56),
(398, 33, 57),
(400, 33, 54),
(401, 33, 55),
(402, 33, 53),
(404, 35, 31),
(405, 36, 31),
(415, 44, 3),
(416, 44, 2),
(768, 44, 4),
(769, 44, 7),
(770, 44, 8),
(772, 44, 25),
(773, 44, 32),
(774, 44, 33),
(775, 44, 31),
(776, 44, 14),
(777, 44, 12),
(778, 44, 10),
(779, 44, 45),
(780, 44, 43),
(781, 44, 38),
(782, 44, 40),
(783, 44, 41),
(784, 44, 42),
(785, 44, 44),
(786, 44, 50),
(787, 44, 53),
(788, 44, 54),
(790, 44, 55),
(791, 44, 56),
(792, 44, 57),
(1129, 76, 2),
(1130, 76, 3),
(1131, 76, 7),
(1133, 76, 57),
(1134, 76, 56),
(1135, 76, 55),
(1136, 76, 53),
(1137, 76, 50),
(1138, 76, 45),
(1139, 76, 43),
(1140, 76, 40),
(1141, 76, 33),
(1142, 76, 32),
(1143, 76, 31),
(1144, 76, 14),
(1145, 76, 10),
(1146, 76, 8),
(1147, 76, 12),
(1148, 36, 2),
(1149, 36, 4),
(1150, 36, 7),
(1151, 36, 10),
(1152, 36, 25),
(1153, 36, 33),
(1154, 36, 32),
(1155, 36, 14),
(1156, 36, 12),
(1158, 36, 43),
(1159, 36, 44),
(1160, 36, 50),
(1161, 36, 53),
(1164, 36, 57),
(1165, 36, 56),
(1166, 36, 55),
(1167, 36, 54),
(1168, 36, 45),
(1169, 36, 42),
(1170, 36, 41),
(1171, 36, 40),
(1172, 36, 38),
(1173, 36, 8),
(1174, 36, 3),
(1703, 80, 57),
(1704, 80, 2),
(1705, 80, 45),
(1706, 80, 56),
(1707, 80, 31),
(1708, 35, 3),
(1709, 35, 7),
(1710, 35, 10),
(1711, 35, 14),
(1712, 35, 53),
(1713, 35, 56),
(1714, 35, 45),
(1715, 35, 41),
(1716, 35, 40),
(1717, 35, 38),
(1718, 35, 54),
(1719, 35, 55),
(1720, 35, 32),
(1721, 35, 44),
(1722, 35, 43),
(1723, 35, 42),
(1724, 31, 32),
(1726, 31, 53),
(1727, 31, 44),
(1728, 31, 31),
(1730, 31, 56),
(1731, 31, 55),
(1732, 31, 57),
(1733, 80, 3),
(1734, 80, 8),
(1735, 80, 43),
(1736, 80, 54),
(1738, 80, 55),
(1739, 80, 50),
(1740, 80, 41),
(1741, 80, 32),
(1742, 80, 12),
(1743, 80, 14),
(1744, 80, 25),
(1750, 15, 57),
(1751, 15, 56),
(1752, 15, 55),
(1753, 15, 54),
(1754, 15, 45),
(1756, 15, 43),
(1757, 15, 40),
(1758, 15, 38),
(1759, 15, 33),
(1760, 15, 31),
(1761, 15, 14),
(1762, 15, 12),
(1763, 15, 7),
(1764, 81, 2),
(1765, 81, 56),
(1766, 81, 57),
(1768, 81, 55),
(1769, 81, 54),
(1770, 81, 53),
(1771, 81, 45),
(1772, 81, 43),
(1773, 81, 10),
(1774, 81, 3),
(1775, 81, 7),
(1776, 81, 8),
(1777, 81, 4),
(1778, 81, 14),
(1780, 81, 12),
(1781, 81, 25),
(1782, 81, 33),
(1783, 81, 38),
(1784, 81, 32),
(1785, 81, 44),
(1786, 81, 42),
(1787, 81, 40),
(1788, 81, 50),
(1789, 82, 57),
(1790, 82, 56),
(1791, 82, 45),
(1792, 82, 2),
(1795, 82, 55),
(1796, 82, 50),
(1797, 82, 54),
(1798, 82, 32),
(1799, 82, 25),
(1800, 82, 14),
(1801, 82, 7),
(1802, 82, 4),
(1803, 82, 10),
(1804, 82, 43),
(1806, 82, 38),
(1807, 82, 40),
(1808, 82, 41),
(1809, 82, 42),
(1810, 82, 44),
(1811, 82, 12),
(1812, 82, 8),
(1813, 82, 3),
(1814, 83, 45),
(1815, 83, 56),
(1816, 83, 57),
(1817, 83, 2),
(1820, 83, 55),
(1821, 83, 54),
(1822, 83, 53),
(1823, 83, 50),
(1824, 83, 42),
(1825, 83, 41),
(1826, 83, 38),
(1827, 83, 40),
(1828, 83, 25),
(1829, 83, 12),
(1830, 83, 32),
(1831, 83, 33),
(1832, 83, 10),
(1833, 83, 8),
(1834, 83, 7),
(1835, 83, 4);

-- --------------------------------------------------------

--
-- Table structure for table `class`
--

CREATE TABLE `class` (
  `class_id` int(11) NOT NULL,
  `class_date` date NOT NULL
) ENGINE=InnoDB DEFAULT CHARSET=utf8mb4 COLLATE=utf8mb4_general_ci;

--
-- Dumping data for table `class`
--

INSERT INTO `class` (`class_id`, `class_date`) VALUES
(1, '2024-05-31'),
(2, '2024-06-01'),
(3, '2024-05-03'),
(4, '2024-05-06'),
(9, '2024-05-24'),
(10, '2024-05-27'),
(11, '2024-06-03'),
(14, '2024-05-10'),
(15, '2024-05-13'),
(16, '2024-05-17'),
(17, '2024-05-20'),
(18, '2024-06-21'),
(19, '2024-07-01'),
(20, '2024-07-05'),
(21, '2024-07-08'),
(22, '2024-06-06'),
(23, '2024-07-19'),
(24, '2024-08-02'),
(26, '2024-08-12'),
(31, '2025-01-03'),
(33, '2024-08-16'),
(35, '2025-01-24'),
(36, '2025-01-13'),
(44, '2024-06-10'),
(76, '2024-06-14'),
(80, '2024-06-24'),
(81, '2025-01-30'),
(82, '2025-01-06'),
(83, '2025-01-17'),
(91, '2024-06-19');

-- --------------------------------------------------------

--
-- Table structure for table `student`
--

CREATE TABLE `student` (
  `id` int(11) NOT NULL,
  `full_name` varchar(100) NOT NULL,
  `matric_id` varchar(10) NOT NULL,
  `gender` varchar(10) NOT NULL,
  `ic_number` varchar(12) NOT NULL,
  `school` varchar(100) NOT NULL,
  `image` varchar(255) NOT NULL,
  `test_1` int(11) NOT NULL,
  `test_2` int(11) NOT NULL,
  `theory` int(11) NOT NULL
) ENGINE=InnoDB DEFAULT CHARSET=utf8mb4 COLLATE=utf8mb4_general_ci;

--
-- Dumping data for table `student`
--

INSERT INTO `student` (`id`, `full_name`, `matric_id`, `gender`, `ic_number`, `school`, `image`, `test_1`, `test_2`, `theory`) VALUES
(2, 'MUHAMMAD ILHAM NAJMI BIN AHMID', '150777', 'male', '010922031479', 'MATHEMATICAL SCIENCES', 'uploads/individual.png', 66, 87, 79),
(3, 'NUR KAMARINA BINTI AZHARI', '112899', 'female', '001231023546', 'BIOLOGY', 'uploads/sdm1.png', 99, 100, 83),
(4, 'SITI SAKIRAH BINTI MUHD NIZAM', '151712', 'female', '001011061272', 'MATHEMATICAL SCIENCES', 'uploads/individual.png', 88, 70, 79),
(7, 'AJMAL ALI BIN OSMAN', '176331', 'male', '010630140773', 'COMMUNICATION', 'uploads/module3.png', 87, 100, 93),
(8, 'NUR IRDINA BINTI SAMSUDIN', '163551', 'female', '020118140213', 'TECHOLOGY INDUSTRY', 'uploads/module3.png', 75, 78, 100),
(10, 'SITI NUR AMALIA BINTI HARUN', '180246', 'female', '031112140149', 'PHYSICS', 'uploads/module1.png', 76, 92, 99),
(12, 'MUHAMMAD NADHIR ISKANDAR BIN SHAFIK AKMAL', '164554', 'male', '170802021159', 'SOCIAL SCIENCE', 'uploads/module1.png', 92, 87, 79),
(14, 'MOKHTAR BIN DAHARI', '144574', 'male', '990115074549', 'COMMUNICATION', 'uploads/attendance.png', 92, 77, 81),
(25, 'SITI AISYAH BINTI SARMAN ', '145699', 'female', '000411032566', 'PHYSICS', 'uploads/dropdown.png', 40, 50, 77),
(31, 'MUHAMMAD AQIL SOFIY BIN MOHAMAD SAUPI', '150692', 'male', '01308073349', 'ARTS', 'uploads/ProfilePic_Aqil.png', 93, 86, 100),
(32, 'NUR ADLINA BINTI ZAHIR', '144796', 'male', '030516014588', 'HOUSING, BUILDING AND PLANNING', 'uploads/adlina.png', 88, 72, 96),
(33, 'AHMAD FARHAN BIN ABU HANIFAH', '172323', 'male', '020730091243', 'SOCIAL SCIENCE', 'uploads/farhan.png', 97, 94, 100),
(38, 'HAZRINA BINTI YUSOF HAMDANI', '5454512', 'female', '979654132189', 'COMPUTER SCIENCE', 'uploads/adlina.png', 98, 44, 78),
(40, 'NURSHUADA BINTI CHE AZMI', '163841', 'female', '010114031446', 'TECHOLOGY INDUSTRY', 'uploads/female.png', 92, 94, 89),
(41, 'MOHD AKMAL HAZIM BIN SHARIFF', '123789', 'female', '030409141249', 'COMPUTER SCIENCE', 'uploads/farhan.png', 40, 38, 72),
(42, 'IRDINA BINTI RAHMAN YUSOF', '158231', 'female', '000630014576', 'COMMUNICATION', 'uploads/student_picture.png', 78, 58, 96),
(43, 'NUR AISYAH BINTI MAT JUSOF', '142301', 'female', '010229051548', 'ARTS', 'uploads/10203119.png', 90, 88, 99),
(44, 'KAMARUL BIN ZAMRI', '152001', 'male', '030730111899', 'COMPUTER SCIENCE', 'uploads/sdm1.png', 100, 100, 100),
(45, 'SITI NUR AINAA BINTI MOHD AZAM', '170023', 'female', '014575687620', 'HOUSING, BUILDING AND PLANNING', 'uploads/female.png', 72, 49, 72),
(50, 'WAN HAZIM BIN WAN SARMAN', '100741', 'male', '010911051423', 'BIOLOGY', 'uploads/sdm1.png', 59, 78, 63),
(53, 'AL-KHAWARIZMI BIN MOKHRIZAN', '201338', 'male', '000718074233', 'BIOLOGY', 'uploads/farhan.png', 88, 53, 77),
(54, 'NURUL NATAYSA BINTI MUHAMMAD RAIF', '144230', 'female', '041129081244', 'COMPUTER SCIENCE', 'uploads/10203119.png', 90, 100, 80),
(55, 'NOR SYAHIRAH BINT MD ABU', '100326', 'male', '991212070826', 'PHYSICS', 'uploads/10203119.png', 80, 79, 100),
(56, 'SITI NOR AIN BINTI SARMAN', '147080', 'female', '981130021282', 'SOCIAL SCIENCE', 'uploads/4329449.png', 50, 70, 90),
(57, 'MOHD DANIAL HAKIM BIN HUSNI', '170320', 'male', '020915023697', 'COMPUTER SCIENCE', 'uploads/3233508.png', 71, 83, 82);

--
-- Indexes for dumped tables
--

--
-- Indexes for table `admin`
--
ALTER TABLE `admin`
  ADD PRIMARY KEY (`user_ID`);

--
-- Indexes for table `attendance`
--
ALTER TABLE `attendance`
  ADD PRIMARY KEY (`attendance_id`),
  ADD KEY `class_id` (`class_id`),
  ADD KEY `student_id` (`student_id`);

--
-- Indexes for table `class`
--
ALTER TABLE `class`
  ADD PRIMARY KEY (`class_id`);

--
-- Indexes for table `student`
--
ALTER TABLE `student`
  ADD PRIMARY KEY (`id`);

--
-- AUTO_INCREMENT for dumped tables
--

--
-- AUTO_INCREMENT for table `admin`
--
ALTER TABLE `admin`
  MODIFY `user_ID` int(11) NOT NULL AUTO_INCREMENT, AUTO_INCREMENT=4;

--
-- AUTO_INCREMENT for table `attendance`
--
ALTER TABLE `attendance`
  MODIFY `attendance_id` int(11) NOT NULL AUTO_INCREMENT, AUTO_INCREMENT=1889;

--
-- AUTO_INCREMENT for table `class`
--
ALTER TABLE `class`
  MODIFY `class_id` int(11) NOT NULL AUTO_INCREMENT, AUTO_INCREMENT=95;

--
-- AUTO_INCREMENT for table `student`
--
ALTER TABLE `student`
  MODIFY `id` int(11) NOT NULL AUTO_INCREMENT, AUTO_INCREMENT=66;

--
-- Constraints for dumped tables
--

--
-- Constraints for table `attendance`
--
ALTER TABLE `attendance`
  ADD CONSTRAINT `attendance_ibfk_1` FOREIGN KEY (`class_id`) REFERENCES `class` (`class_id`),
  ADD CONSTRAINT `attendance_ibfk_2` FOREIGN KEY (`student_id`) REFERENCES `student` (`id`);
COMMIT;

/*!40101 SET CHARACTER_SET_CLIENT=@OLD_CHARACTER_SET_CLIENT */;
/*!40101 SET CHARACTER_SET_RESULTS=@OLD_CHARACTER_SET_RESULTS */;
/*!40101 SET COLLATION_CONNECTION=@OLD_COLLATION_CONNECTION */;
